"prob1","prob2","prob3","prob4","prob5","prob6","prob7","prob8","prob9","prob10"
0.332854,0.244861,0.199874,-0.0319999,-0.114368,-0.214604,-0.000295383,-0.135067,-0.000477022,-0.193069
-0.640401,-0.56342,-0.201241,-0.142213,-0.336103,0.284289,0.569831,0.0814741,0.275998,0.704369
-0.123943,0.194487,0.020286,0.164253,0.0331625,-0.0984471,-0.0447036,0.18368,0.101854,-0.233759
-0.250576,0.117835,0.0485092,0.0207718,-0.0213214,-0.0815733,-0.0564452,0.161554,0.0603877,0.0682366
